goods_id,product_id,name,img,capacity,measure,ea,cheap_url
0,0,오리온 포카칩 오리지널(66g),오리온 포카칩 오리지널(66g)_img,-,g,-,오리온 포카칩 오리지널(66g)_url
1,0,칩포테이토 오리지날,칩포테이토 오리지날_img,-,g,-,칩포테이토 오리지날_url
2,0,포테토칩 오리지날(125g),포테토칩 오리지날(125g)_img,-,g,-,포테토칩 오리지날(125g)_url
3,1,롯데 자일리톨 오리지날(87g),롯데 자일리톨 오리지날(87g)_img,-,g,-,롯데 자일리톨 오리지날(87g)_url
4,1,롯데 자일리톨 오리지날(97g),롯데 자일리톨 오리지날(97g)_img,-,g,-,롯데 자일리톨 오리지날(97g)_url
5,3,아이비(270g),아이비(270g)_img,-,g,-,아이비(270g)_url
6,3,참크래커(280g),참크래커(280g)_img,-,g,-,참크래커(280g)_url
7,4,돼지바(70ml),돼지바(70ml)_img,-,ml,-,돼지바(70ml)_url
8,4,메로나(75ml),메로나(75ml)_img,-,ml,-,메로나(75ml)_url
9,5,롯데 목캔디 허브민트(217g),롯데 목캔디 허브민트(217g)_img,-,g,-,롯데 목캔디 허브민트(217g)_url
10,5,오리온 통아몬드 캔디(90g),오리온 통아몬드 캔디(90g)_img,-,g,-,오리온 통아몬드 캔디(90g)_url
11,6,롯데 월드콘 바닐라(160ml),롯데 월드콘 바닐라(160ml)_img,-,ml,-,롯데 월드콘 바닐라(160ml)_url
12,6,투게더 오리지널 바닐라(900ml),투게더 오리지널 바닐라(900ml)_img,-,ml,-,투게더 오리지널 바닐라(900ml)_url
13,7,닥터유 에너지바(40g),닥터유 에너지바(40g)_img,-,g,-,닥터유 에너지바(40g)_url
14,7,닥터유 에너지바(4개입),닥터유 에너지바(4개입)_img,-,g,-,닥터유 에너지바(4개입)_url
15,7,켈로그 레드베리 에너지바(4개입),켈로그 레드베리 에너지바(4개입)_img,-,g,-,켈로그 레드베리 에너지바(4개입)_url
16,8,자유시간(36g),자유시간(36g)_img,-,g,-,자유시간(36g)_url
17,8,자유시간(5개입),자유시간(5개입)_img,-,g,-,자유시간(5개입)_url
18,8,핫브레이크 미니(714g),핫브레이크 미니(714g)_img,-,g,-,핫브레이크 미니(714g)_url
19,9,몽쉘 크림(384g),몽쉘 크림(384g)_img,-,g,-,몽쉘 크림(384g)_url
20,9,오리온 초코파이(18개입),오리온 초코파이(18개입)_img,-,g,-,오리온 초코파이(18개입)_url
21,10,롯데 ABC 초코(187g),롯데 ABC 초코(187g)_img,-,g,-,롯데 ABC 초코(187g)_url
22,10,롯데 ABC 초코(65g),롯데 ABC 초코(65g)_img,-,g,-,롯데 ABC 초코(65g)_url
23,10,롯데 빅가나 마일드(110g),롯데 빅가나 마일드(110g)_img,-,g,-,롯데 빅가나 마일드(110g)_url
24,11,양조간장 501,양조간장 501_img,-,ml,-,양조간장 501_url
25,11,진간장 금F3(930ml),진간장 금F3(930ml)_img,-,ml,-,진간장 금F3(930ml)_url
26,12,순창 오리지널 우리쌀 찰고추장(1kg),순창 오리지널 우리쌀 찰고추장(1kg)_img,-,g,-,순창 오리지널 우리쌀 찰고추장(1kg)_url
27,12,해찬들 우리쌀태양초골드(1kg),해찬들 우리쌀태양초골드(1kg)_img,-,g,-,해찬들 우리쌀태양초골드(1kg)_url
28,13,백설 소면(900g),백설 소면(900g)_img,-,g,-,백설 소면(900g)_url
29,13,옛날국수 소면(900g),옛날국수 소면(900g)_img,-,g,-,옛날국수 소면(900g)_url
30,14,동서 아카시아꿀(600g),동서 아카시아꿀(600g)_img,-,g,-,동서 아카시아꿀(600g)_url
31,15,CJ 100% 국산 햇당면(400g),CJ 100% 국산 햇당면(400g)_img,-,g,-,CJ 100% 국산 햇당면(400g)_url
32,15,백설 자른 햇당면(300g),백설 자른 햇당면(300g)_img,-,g,-,백설 자른 햇당면(300g)_url
33,15,옛날 자른당면(300g),옛날 자른당면(300g)_img,-,g,-,옛날 자른당면(300g)_url
34,15,옛날당면,옛날당면_img,-,g,-,옛날당면_url
35,16,샘표 시골집 토장(900g),샘표 시골집 토장(900g)_img,-,g,-,샘표 시골집 토장(900g)_url
36,16,순창 재래식안심생된장(1kg),순창 재래식안심생된장(1kg)_img,-,g,-,순창 재래식안심생된장(1kg)_url
37,16,해찬들 재래식 된장(1kg),해찬들 재래식 된장(1kg)_img,-,g,-,해찬들 재래식 된장(1kg)_url
38,17,국산콩두부 부침용(380g),국산콩두부 부침용(380g)_img,-,g,-,국산콩두부 부침용(380g)_url
39,17,국산콩두부 찌개용(380g),국산콩두부 찌개용(380g)_img,-,g,-,국산콩두부 찌개용(380g)_url
40,17,행복한콩 찌개두부(300g),행복한콩 찌개두부(300g)_img,-,g,-,행복한콩 찌개두부(300g)_url
41,18,청정원 발사믹 드레싱,청정원 발사믹 드레싱_img,-,g,-,청정원 발사믹 드레싱_url
42,18,청정원 오리엔탈 드레싱,청정원 오리엔탈 드레싱_img,-,g,-,청정원 오리엔탈 드레싱_url
43,19,오뚜기 고소한 골드 마요네즈(500g),오뚜기 고소한 골드 마요네즈(500g)_img,-,g,-,오뚜기 고소한 골드 마요네즈(500g)_url
44,19,청정원 고소한 마요네즈(500g),청정원 고소한 마요네즈(500g)_img,-,g,-,청정원 고소한 마요네즈(500g)_url
45,20,곰표 밀가루 중력다목적용(1kg),곰표 밀가루 중력다목적용(1kg)_img,-,g,-,곰표 밀가루 중력다목적용(1kg)_url
46,20,백설 중력밀가루(1kg),백설 중력밀가루(1kg)_img,-,g,-,백설 중력밀가루(1kg)_url
47,20,백설 찰밀가루(1kg),백설 찰밀가루(1kg)_img,-,g,-,백설 찰밀가루(1kg)_url
48,21,백설 5가지 재료 부침가루(1kg),백설 5가지 재료 부침가루(1kg)_img,-,g,-,백설 5가지 재료 부침가루(1kg)_url
49,21,백설부침가루(1kg),백설부침가루(1kg)_img,-,g,-,백설부침가루(1kg)_url
50,21,오뚜기 부침가루(1kg),오뚜기 부침가루(1kg)_img,-,g,-,오뚜기 부침가루(1kg)_url
51,22,백설 자일로스 설탕(1kg),백설 자일로스 설탕(1kg)_img,-,g,-,백설 자일로스 설탕(1kg)_url
52,22,백설 하얀설탕(1kg),백설 하얀설탕(1kg)_img,-,g,-,백설 하얀설탕(1kg)_url
53,22,큐원 하얀설탕(1kg),큐원 하얀설탕(1kg)_img,-,g,-,큐원 하얀설탕(1kg)_url
54,22,푸드림 하얀설탕,푸드림 하얀설탕_img,-,g,-,푸드림 하얀설탕_url
55,23,백설 구운소금(500g),백설 구운소금(500g)_img,-,g,-,백설 구운소금(500g)_url
56,23,백설꽃소금,백설꽃소금_img,-,g,-,백설꽃소금_url
57,23,청정원 미원 맛소금(500g),청정원 미원 맛소금(500g)_img,-,g,-,청정원 미원 맛소금(500g)_url
58,23,청정원 신안섬보배 천일염 가는소금(500g),청정원 신안섬보배 천일염 가는소금(500g)_img,-,g,-,청정원 신안섬보배 천일염 가는소금(500g)_url
59,23,해표 꽃소금(1kg),해표 꽃소금(1kg)_img,-,g,-,해표 꽃소금(1kg)_url
60,24,맑고신선한옥수수유,맑고신선한옥수수유_img,-,ml,-,맑고신선한옥수수유_url
61,24,백설 식용유(1.5L),백설 식용유(1.5L)_img,-,ml,-,백설 식용유(1.5L)_url
62,24,백설국내콩기름,백설국내콩기름_img,-,ml,-,백설국내콩기름_url
63,24,오뚜기 콩기름 100%(900ml),오뚜기 콩기름 100%(900ml)_img,-,ml,-,오뚜기 콩기름 100%(900ml)_url
64,24,해표 맑고 신선한 식용유(900ml),해표 맑고 신선한 식용유(900ml)_img,-,ml,-,해표 맑고 신선한 식용유(900ml)_url
65,25,대상 사과식초,대상 사과식초_img,-,ml,-,대상 사과식초_url
66,25,백설 건강발효 사과식초(800ml),백설 건강발효 사과식초(800ml)_img,-,ml,-,백설 건강발효 사과식초(800ml)_url
67,25,백설 건강발효 현미식초(800ml),백설 건강발효 현미식초(800ml)_img,-,ml,-,백설 건강발효 현미식초(800ml)_url
68,25,오뚜기 사과식초(900ml),오뚜기 사과식초(900ml)_img,-,ml,-,오뚜기 사과식초(900ml)_url
69,26,청정원 순창 양념듬뿍 쌈장(500g),청정원 순창 양념듬뿍 쌈장(500g)_img,-,g,-,청정원 순창 양념듬뿍 쌈장(500g)_url
70,26,해찬들 사계절 쌈장(500g),해찬들 사계절 쌈장(500g)_img,-,g,-,해찬들 사계절 쌈장(500g)_url
71,26,해표 순창궁 양념쌈장(500g),해표 순창궁 양념쌈장(500g)_img,-,g,-,해표 순창궁 양념쌈장(500g)_url
72,27,딸기잼(500g),딸기잼(500g)_img,-,g,-,딸기잼(500g)_url
73,27,복음자리 딸기잼(370g),복음자리 딸기잼(370g)_img,-,g,-,복음자리 딸기잼(370g)_url
74,28,백설 진한참기름,백설 진한참기름_img,-,ml,-,백설 진한참기름_url
75,28,오뚜기 참기름(320ml),오뚜기 참기름(320ml)_img,-,ml,-,오뚜기 참기름(320ml)_url
76,28,참진한 참기름(해표),참진한 참기름(해표)_img,-,ml,-,참진한 참기름(해표)_url
77,29,오뚜기카레 순한맛(100g),오뚜기카레 순한맛(100g)_img,-,g,-,오뚜기카레 순한맛(100g)_url
78,29,청정원 카레여왕 구운마늘&amp;양파(108g),청정원 카레여왕 구운마늘&amp;양파(108g)_img,-,g,-,청정원 카레여왕 구운마늘&amp;양파(108g)_url
79,30,오뚜기 토마토 케찹(500g),오뚜기 토마토 케찹(500g)_img,-,g,-,오뚜기 토마토 케찹(500g)_url
80,30,청정원 진한 토마토 케찹(500g),청정원 진한 토마토 케찹(500g)_img,-,g,-,청정원 진한 토마토 케찹(500g)_url
81,31,산들애 국내산 해물(250g),산들애 국내산 해물(250g)_img,-,g,-,산들애 국내산 해물(250g)_url
82,31,청정원 맛선생 국내산해물(250g),청정원 맛선생 국내산해물(250g)_img,-,g,-,청정원 맛선생 국내산해물(250g)_url
83,32,CJ 비비고 왕교자(910g),CJ 비비고 왕교자(910g)_img,-,g,-,CJ 비비고 왕교자(910g)_url
84,32,고향만두(1.08kg),고향만두(1.08kg)_img,-,g,-,고향만두(1.08kg)_url
85,32,비비고 왕교자(1.05kg),비비고 왕교자(1.05kg)_img,-,g,-,비비고 왕교자(1.05kg)_url
86,32,생야채돼지고기물만두(800g),생야채돼지고기물만두(800g)_img,-,g,-,생야채돼지고기물만두(800g)_url
87,33,삼양라면(5개입),삼양라면(5개입)_img,-,개,-,삼양라면(5개입)_url
88,33,신라면(5개입),신라면(5개입)_img,-,개,-,신라면(5개입)_url
89,33,진라면 순한맛(5개입),진라면 순한맛(5개입)_img,-,개,-,진라면 순한맛(5개입)_url
90,34,삼립호떡 미니꿀호떡(16개입),삼립호떡 미니꿀호떡(16개입)_img,-,g,-,삼립호떡 미니꿀호떡(16개입)_url
91,34,샤니 속이알찬 단팥빵(255g),샤니 속이알찬 단팥빵(255g)_img,-,g,-,샤니 속이알찬 단팥빵(255g)_url
92,34,아침엔 우유 토스트(330g),아침엔 우유 토스트(330g)_img,-,g,-,아침엔 우유 토스트(330g)_url
93,34,정통크림빵(3개입),정통크림빵(3개입)_img,-,g,-,정통크림빵(3개입)_url
94,34,탕종숙식빵(420g),탕종숙식빵(420g)_img,-,g,-,탕종숙식빵(420g)_url
95,35,보노 콘스프(3개입),보노 콘스프(3개입)_img,-,g,-,보노 콘스프(3개입)_url
96,35,보노 포르치니버섯스프(3개입),보노 포르치니버섯스프(3개입)_img,-,g,-,보노 포르치니버섯스프(3개입)_url
97,35,오뚜기 크림스프(80g),오뚜기 크림스프(80g)_img,-,g,-,오뚜기 크림스프(80g)_url
98,35,청정원 우리쌀 크림스프,청정원 우리쌀 크림스프_img,-,g,-,청정원 우리쌀 크림스프_url
99,36,스페셜K 오리지널(480g),스페셜K 오리지널(480g)_img,-,g,-,스페셜K 오리지널(480g)_url
100,36,켈로그 콘푸로스트(600g),켈로그 콘푸로스트(600g)_img,-,g,-,켈로그 콘푸로스트(600g)_url
101,36,포스트 콘푸라이트(600g),포스트 콘푸라이트(600g)_img,-,g,-,포스트 콘푸라이트(600g)_url
102,38,맛있는 미역국,맛있는 미역국_img,-,g,-,맛있는 미역국_url
103,38,오뚜기 간편 미역국(5개입),오뚜기 간편 미역국(5개입)_img,-,g,-,오뚜기 간편 미역국(5개입)_url
104,38,오뚜기 간편 북엇국(5개입),오뚜기 간편 북엇국(5개입)_img,-,g,-,오뚜기 간편 북엇국(5개입)_url
105,38,오뚜기 맛있는 북어국(34g),오뚜기 맛있는 북어국(34g)_img,-,g,-,오뚜기 맛있는 북어국(34g)_url
106,39,3분 쇠고기짜장(200g),3분 쇠고기짜장(200g)_img,-,g,-,3분 쇠고기짜장(200g)_url
107,39,3분 쇠고기카레(200g),3분 쇠고기카레(200g)_img,-,g,-,3분 쇠고기카레(200g)_url
108,39,오뚜기 3분 백세카레 약간 매운맛(200g),오뚜기 3분 백세카레 약간 매운맛(200g)_img,-,g,-,오뚜기 3분 백세카레 약간 매운맛(200g)_url
109,39,청정원 옛날식 짜장(180g),청정원 옛날식 짜장(180g)_img,-,g,-,청정원 옛날식 짜장(180g)_url
110,39,청정원 카레여왕 비프카레(160g),청정원 카레여왕 비프카레(160g)_img,-,g,-,청정원 카레여왕 비프카레(160g)_url
111,40,오뚜기밥(210g),오뚜기밥(210g)_img,-,g,-,오뚜기밥(210g)_url
112,40,오뚜기밥(6개입) ,오뚜기밥(6개입) _img,-,g,-,오뚜기밥(6개입) _url
113,40,햇반(210g),햇반(210g)_img,-,g,-,햇반(210g)_url
114,40,햇반(3개입),햇반(3개입)_img,-,g,-,햇반(3개입)_url
115,40,햇반(6개입),햇반(6개입)_img,-,g,-,햇반(6개입)_url
116,40,햇반(엄마가해주신밥 6+2개입),햇반(엄마가해주신밥 6+2개입)_img,-,g,-,햇반(엄마가해주신밥 6+2개입)_url
117,41,동원 양반 쇠고기죽(287.5g),동원 양반 쇠고기죽(287.5g)_img,-,g,-,동원 양반 쇠고기죽(287.5g)_url
118,41,동원 양반 쇠고기죽(288g),동원 양반 쇠고기죽(288g)_img,-,g,-,동원 양반 쇠고기죽(288g)_url
119,41,동원 양반 전복죽(287.5g),동원 양반 전복죽(287.5g)_img,-,g,-,동원 양반 전복죽(287.5g)_url
120,41,동원 양반 전복죽(288g),동원 양반 전복죽(288g)_img,-,g,-,동원 양반 전복죽(288g)_url
121,41,비비고 소고기죽(280g),비비고 소고기죽(280g)_img,-,g,-,비비고 소고기죽(280g)_url
122,41,비비고 전복죽(280g),비비고 전복죽(280g)_img,-,g,-,비비고 전복죽(280g)_url
123,41,오뚜기 새송이 쇠고기죽(285g),오뚜기 새송이 쇠고기죽(285g)_img,-,g,-,오뚜기 새송이 쇠고기죽(285g)_url
124,41,오뚜기 전복죽(285g),오뚜기 전복죽(285g)_img,-,g,-,오뚜기 전복죽(285g)_url
125,42,농심 신라면 큰사발면(114g),농심 신라면 큰사발면(114g)_img,-,g,-,농심 신라면 큰사발면(114g)_url
126,42,오뚜기 참깨라면 컵(110g),오뚜기 참깨라면 컵(110g)_img,-,g,-,오뚜기 참깨라면 컵(110g)_url
127,42,팔도 왕뚜껑(110g),팔도 왕뚜껑(110g)_img,-,g,-,팔도 왕뚜껑(110g)_url
128,43,오뚜기 맛있는 쇠고기미역국밥(162g),오뚜기 맛있는 쇠고기미역국밥(162g)_img,-,g,-,오뚜기 맛있는 쇠고기미역국밥(162g)_url
129,43,오뚜기 제육덮밥(280g),오뚜기 제육덮밥(280g)_img,-,g,-,오뚜기 제육덮밥(280g)_url
130,43,오뚜기 컵밥 제육덮밥(310g),오뚜기 컵밥 제육덮밥(310g)_img,-,g,-,오뚜기 컵밥 제육덮밥(310g)_url
131,43,햇반 컵반 고추장 제육덮밥(250g),햇반 컵반 고추장 제육덮밥(250g)_img,-,g,-,햇반 컵반 고추장 제육덮밥(250g)_url
132,43,햇반 컵반 미역국밥(167g),햇반 컵반 미역국밥(167g)_img,-,g,-,햇반 컵반 미역국밥(167g)_url
133,44,비비고 사골곰탕(500g),비비고 사골곰탕(500g)_img,-,g,-,비비고 사골곰탕(500g)_url
134,44,비비고 육개장(500g),비비고 육개장(500g)_img,-,g,-,비비고 육개장(500g)_url
135,44,오뚜기 옛날 사골곰탕(350g),오뚜기 옛날 사골곰탕(350g)_img,-,g,-,오뚜기 옛날 사골곰탕(350g)_url
136,44,오뚜기 옛날 육개장(300g),오뚜기 옛날 육개장(300g)_img,-,g,-,오뚜기 옛날 육개장(300g)_url
137,46,마미손 고무장갑 중(2세트),마미손 고무장갑 중(2세트)_img,-,개,-,마미손 고무장갑 중(2세트)_url
138,46,마미손 뷰티(중),마미손 뷰티(중)_img,-,개,-,마미손 뷰티(중)_url
139,46,올에이 중형 고무장갑,올에이 중형 고무장갑_img,-,개,-,올에이 중형 고무장갑_url
140,46,크린랩 고무장갑 중(2세트),크린랩 고무장갑 중(2세트)_img,-,개,-,크린랩 고무장갑 중(2세트)_url
141,47,가그린 오리지널(750ml),가그린 오리지널(750ml)_img,-,ml,-,가그린 오리지널(750ml)_url
142,47,리스테린 쿨민트,리스테린 쿨민트_img,-,ml,-,리스테린 쿨민트_url
143,47,리스테린 쿨민트(750ml),리스테린 쿨민트(750ml)_img,-,ml,-,리스테린 쿨민트(750ml)_url
144,48,크린랩(22cm x 50m),크린랩(22cm x 50m)_img,-,m,-,크린랩(22cm x 50m)_url
145,48,크린랩(30cm x 50m),크린랩(30cm x 50m)_img,-,m,-,크린랩(30cm x 50m)_url
146,48,후레쉬랩(25cm x 50m)(3M),후레쉬랩(25cm x 50m)(3M)_img,-,m,-,후레쉬랩(25cm x 50m)(3M)_url
147,49,JB 뉴 베드타임 로션(500ml),JB 뉴 베드타임 로션(500ml)_img,-,ml,-,JB 뉴 베드타임 로션(500ml)_url
148,49,정말 순한 바디밀크(450ml),정말 순한 바디밀크(450ml)_img,-,ml,-,정말 순한 바디밀크(450ml)_url
149,51,PACE6 스타일 면도날(4개),PACE6 스타일 면도날(4개)_img,-,개,-,PACE6 스타일 면도날(4개)_url
150,51,마하3 면도날,마하3 면도날_img,-,개,-,마하3 면도날_url
151,51,플로쉴드 옐로우 면도날(4개),플로쉴드 옐로우 면도날(4개)_img,-,개,-,플로쉴드 옐로우 면도날(4개)_url
152,51,하이드로5 면도날,하이드로5 면도날_img,-,개,-,하이드로5 면도날_url
153,51,하이드로8 면도날(8개),하이드로8 면도날(8개)_img,-,개,-,하이드로8 면도날(8개)_url
154,53,도브 뷰티 너리싱 바디워시(1kg),도브 뷰티 너리싱 바디워시(1kg)_img,-,ml,-,도브 뷰티 너리싱 바디워시(1kg)_url
155,53,도브 센스티브 스킨 바디워시(1kg),도브 센스티브 스킨 바디워시(1kg)_img,-,ml,-,도브 센스티브 스킨 바디워시(1kg)_url
156,53,세이 온더바디 고보습 아이리스(900ml),세이 온더바디 고보습 아이리스(900ml)_img,-,ml,-,세이 온더바디 고보습 아이리스(900ml)_url
157,53,오가니스트 히말라야 핑크솔트 바디워시 리프레싱 민트향(865ml),오가니스트 히말라야 핑크솔트 바디워시 리프레싱 민트향(865ml)_img,-,ml,-,오가니스트 히말라야 핑크솔트 바디워시 리프레싱 민트향(865ml)_url
158,53,해피바스 라벤더 에센스 바디워시(900g),해피바스 라벤더 에센스 바디워시(900g)_img,-,ml,-,해피바스 라벤더 에센스 바디워시(900g)_url
159,54,맥스 부탄가스(4개),맥스 부탄가스(4개)_img,-,개,-,맥스 부탄가스(4개)_url
160,54,썬 부탄가스(4개),썬 부탄가스(4개)_img,-,개,-,썬 부탄가스(4개)_url
161,54,알프스가스,알프스가스_img,-,개,-,알프스가스_url
162,55,도브 뷰티바(4개),도브 뷰티바(4개)_img,-,개,-,도브 뷰티바(4개)_url
163,55,드봉 스위트로즈(4개),드봉 스위트로즈(4개)_img,-,개,-,드봉 스위트로즈(4개)_url
164,55,알뜨랑비누 핑크,알뜨랑비누 핑크_img,-,개,-,알뜨랑비누 핑크_url
165,55,해피바스 허브 라벤더 아로마 바(4개),해피바스 허브 라벤더 아로마 바(4개)_img,-,개,-,해피바스 허브 라벤더 아로마 바(4개)_url
166,56,무균무때 세정제 욕실용(900ml),무균무때 세정제 욕실용(900ml)_img,-,ml,-,무균무때 세정제 욕실용(900ml)_url
167,56,유한락스 레귤러(1.8L),유한락스 레귤러(1.8L)_img,-,ml,-,유한락스 레귤러(1.8L)_url
168,56,유한락스 욕실청소용(1800ml),유한락스 욕실청소용(1800ml)_img,-,ml,-,유한락스 욕실청소용(1800ml)_url
169,56,유한락스 후레쉬(1.5L),유한락스 후레쉬(1.5L)_img,-,ml,-,유한락스 후레쉬(1.5L)_url
170,56,유한락스 후레쉬(2L),유한락스 후레쉬(2L)_img,-,ml,-,유한락스 후레쉬(2L)_url
171,56,홈스타 락스와세제 후로랄파인(750ml),홈스타 락스와세제 후로랄파인(750ml)_img,-,ml,-,홈스타 락스와세제 후로랄파인(750ml)_url
172,56,홈스타 욕실용 세정제(900ml),홈스타 욕실용 세정제(900ml)_img,-,ml,-,홈스타 욕실용 세정제(900ml)_url
173,57,에프킬라 에어로졸 무향(500ml),에프킬라 에어로졸 무향(500ml)_img,-,ml,-,에프킬라 에어로졸 무향(500ml)_url
174,57,컴배트 스피드 에어졸(500ml),컴배트 스피드 에어졸(500ml)_img,-,ml,-,컴배트 스피드 에어졸(500ml)_url
175,57,홈키파 수성 에어졸(500ml),홈키파 수성 에어졸(500ml)_img,-,ml,-,홈키파 수성 에어졸(500ml)_url
176,58,쏘피 바디피트 볼록맞춤 날개 중형(32개입),쏘피 바디피트 볼록맞춤 날개 중형(32개입)_img,-,개,-,쏘피 바디피트 볼록맞춤 날개 중형(32개입)_url
177,58,좋은느낌 울트라슬림 에어핏쿠션 날개 중형(36개입),좋은느낌 울트라슬림 에어핏쿠션 날개 중형(36개입)_img,-,개,-,좋은느낌 울트라슬림 에어핏쿠션 날개 중형(36개입)_url
178,58,좋은느낌 좋은순면 울트라 날개 중형(36개입),좋은느낌 좋은순면 울트라 날개 중형(36개입)_img,-,개,-,좋은느낌 좋은순면 울트라 날개 중형(36개입)_url
179,58,화이트 시크릿홀 날개 중형(36개입),화이트 시크릿홀 날개 중형(36개입)_img,-,개,-,화이트 시크릿홀 날개 중형(36개입)_url
180,59,려 함빛 극손상엔영양케어 샴푸(550ml),려 함빛 극손상엔영양케어 샴푸(550ml)_img,-,ml,-,려 함빛 극손상엔영양케어 샴푸(550ml)_url
181,59,미쟝센 퍼펙트세럼 샴푸(680ml),미쟝센 퍼펙트세럼 샴푸(680ml)_img,-,ml,-,미쟝센 퍼펙트세럼 샴푸(680ml)_url
182,59,엘라스틴 마린콜라겐 탱글볼륨 샴푸,엘라스틴 마린콜라겐 탱글볼륨 샴푸_img,-,ml,-,엘라스틴 마린콜라겐 탱글볼륨 샴푸_url
183,59,엘라스틴 모로칸 아르간 오일 집중영양 샴푸(680ml),엘라스틴 모로칸 아르간 오일 집중영양 샴푸(680ml)_img,-,ml,-,엘라스틴 모로칸 아르간 오일 집중영양 샴푸(680ml)_url
184,60,다우니 고농축 블루튤립과 달콤한 라일락,다우니 고농축 블루튤립과 달콤한 라일락_img,-,ml,-,다우니 고농축 블루튤립과 달콤한 라일락_url
185,60,다우니 고농축 섬유유연제 엑스퍼트(2L),다우니 고농축 섬유유연제 엑스퍼트(2L)_img,-,ml,-,다우니 고농축 섬유유연제 엑스퍼트(2L)_url
186,60,피죤 섬유유연제 핑크로즈(2.1L),피죤 섬유유연제 핑크로즈(2.1L)_img,-,ml,-,피죤 섬유유연제 핑크로즈(2.1L)_url
187,60,피죤 용기 옐로미모사(3.1L일반/드럼겸용),피죤 용기 옐로미모사(3.1L일반/드럼겸용)_img,-,ml,-,피죤 용기 옐로미모사(3.1L일반/드럼겸용)_url
188,61,샤프란 네이처 섬유탈취제 프레쉬 민트(300ml),샤프란 네이처 섬유탈취제 프레쉬 민트(300ml)_img,-,ml,-,샤프란 네이처 섬유탈취제 프레쉬 민트(300ml)_url
189,61,페브리즈 상쾌한향(370ml),페브리즈 상쾌한향(370ml)_img,-,ml,-,페브리즈 상쾌한향(370ml)_url
190,61,페브리즈 상쾌한향(900ml),페브리즈 상쾌한향(900ml)_img,-,ml,-,페브리즈 상쾌한향(900ml)_url
191,63,때가 쏙 비트 분말세제(6kg),때가 쏙 비트 분말세제(6kg)_img,-,g,-,때가 쏙 비트 분말세제(6kg)_url
192,63,"때가 쏙 비트(가루,리필형,4kg)","때가 쏙 비트(가루,리필형,4kg)_img",-,g,-,"때가 쏙 비트(가루,리필형,4kg)_url"
193,63,비트 트리플 액션(2.8L),비트 트리플 액션(2.8L)_img,-,g,-,비트 트리플 액션(2.8L)_url
194,63,"스파크(가루,리필형,5kg)","스파크(가루,리필형,5kg)_img",-,g,-,"스파크(가루,리필형,5kg)_url"
195,63,테크 UP 분말세제(4kg),테크 UP 분말세제(4kg)_img,-,g,-,테크 UP 분말세제(4kg)_url
196,63,테크 베이킹소다 액체세제(3L),테크 베이킹소다 액체세제(3L)_img,-,g,-,테크 베이킹소다 액체세제(3L)_url
197,64,퍼실 파워젤 액체 드럼용(2.7L),퍼실 파워젤 액체 드럼용(2.7L)_img,-,ml,-,퍼실 파워젤 액체 드럼용(2.7L)_url
198,64,퍼실 파워젤 액체 일반용(2.7L),퍼실 파워젤 액체 일반용(2.7L)_img,-,ml,-,퍼실 파워젤 액체 일반용(2.7L)_url
199,65,피죤 습기제로(8개입),피죤 습기제로(8개입)_img,-,개,-,피죤 습기제로(8개입)_url
200,66,더블리치 간편염색 (4G 자연갈색),더블리치 간편염색 (4G 자연갈색)_img,-,g,-,더블리치 간편염색 (4G 자연갈색)_url
201,66,려 두피보호 한방염색 짙은 밤색 4.5(60g),려 두피보호 한방염색 짙은 밤색 4.5(60g)_img,-,g,-,려 두피보호 한방염색 짙은 밤색 4.5(60g)_url
202,66,리엔 흑모비책크림염색 자연갈색(60g),리엔 흑모비책크림염색 자연갈색(60g)_img,-,g,-,리엔 흑모비책크림염색 자연갈색(60g)_url
203,66,미쟝센 쉽고빠른거품염색 3N 흑갈색(40g),미쟝센 쉽고빠른거품염색 3N 흑갈색(40g)_img,-,g,-,미쟝센 쉽고빠른거품염색 3N 흑갈색(40g)_url
204,67,3M 후레쉬 슬라이드 지퍼백 중형(21cm x 16cm x 6cm),3M 후레쉬 슬라이드 지퍼백 중형(21cm x 16cm x 6cm)_img,-,매,-,3M 후레쉬 슬라이드 지퍼백 중형(21cm x 16cm x 6cm)_url
205,67,3M후레쉬백,3M후레쉬백_img,-,매,-,3M후레쉬백_url
206,67,뽑아쓰는 크린백,뽑아쓰는 크린백_img,-,매,-,뽑아쓰는 크린백_url
207,67,손잡이 크린백(35cm x 45cm),손잡이 크린백(35cm x 45cm)_img,-,매,-,손잡이 크린백(35cm x 45cm)_url
208,67,지퍼락 지퍼백 냉장 중형(20매),지퍼락 지퍼백 냉장 중형(20매)_img,-,매,-,지퍼락 지퍼백 냉장 중형(20매)_url
209,67,크린롤백(25cm x 35cm),크린롤백(25cm x 35cm)_img,-,매,-,크린롤백(25cm x 35cm)_url
210,67,크린백,크린백_img,-,매,-,크린백_url
211,67,크린지퍼백,크린지퍼백_img,-,매,-,크린지퍼백_url
212,67,크린지퍼백(18cm x 20cm),크린지퍼백(18cm x 20cm)_img,-,매,-,크린지퍼백(18cm x 20cm)_url
213,68,하기스 매직컴포트 대형 공용 팬티형 4단계(40매),하기스 매직컴포트 대형 공용 팬티형 4단계(40매)_img,-,매,-,하기스 매직컴포트 대형 공용 팬티형 4단계(40매)_url
214,68,하기스 매직컴포트 특대형 공용 팬티형 5단계(33매),하기스 매직컴포트 특대형 공용 팬티형 5단계(33매)_img,-,매,-,하기스 매직컴포트 특대형 공용 팬티형 5단계(33매)_url
215,69,CJ 참그린 ,CJ 참그린 _img,-,ml,-,CJ 참그린 _url
216,69,메소드 주방세제 핑크(532ml),메소드 주방세제 핑크(532ml)_img,-,ml,-,메소드 주방세제 핑크(532ml)_url
217,69,자연퐁 솔잎(490ml),자연퐁 솔잎(490ml)_img,-,ml,-,자연퐁 솔잎(490ml)_url
218,69,자연퐁 솔잎향 세균설거지(용기),자연퐁 솔잎향 세균설거지(용기)_img,-,ml,-,자연퐁 솔잎향 세균설거지(용기)_url
219,69,프릴 시크릿 오브 베이킹소다 퓨어레몬향(750ml),프릴 시크릿 오브 베이킹소다 퓨어레몬향(750ml)_img,-,ml,-,프릴 시크릿 오브 베이킹소다 퓨어레몬향(750ml)_url
220,69,항균 트리오(973ml),항균 트리오(973ml)_img,-,ml,-,항균 트리오(973ml)_url
221,70,메디안 치석 치약 오리지널(3개),메디안 치석 치약 오리지널(3개)_img,-,g,-,메디안 치석 치약 오리지널(3개)_url
222,70,어드밴스 캐비티 블루(3개),어드밴스 캐비티 블루(3개)_img,-,g,-,어드밴스 캐비티 블루(3개)_url
223,70,페리오 캐비티케어(3개),페리오 캐비티케어(3개)_img,-,g,-,페리오 캐비티케어(3개)_url
224,71,오랄비 크로스액션(3개입),오랄비 크로스액션(3개입)_img,-,개,-,오랄비 크로스액션(3개입)_url
225,71,죽염 칫술 잇몸(4개),죽염 칫술 잇몸(4개)_img,-,개,-,죽염 칫술 잇몸(4개)_url
226,71,페리오 토탈7 칫솔 힘있는 미세모(4개),페리오 토탈7 칫솔 힘있는 미세모(4개)_img,-,개,-,페리오 토탈7 칫솔 힘있는 미세모(4개)_url
227,73,코디 키친타월(6롤),코디 키친타월(6롤)_img,-,매,-,코디 키친타월(6롤)_url
228,73,크리넥스 안심 키친타월(6롤),크리넥스 안심 키친타월(6롤)_img,-,매,-,크리넥스 안심 키친타월(6롤)_url
229,74,산소계표백제 유한젠(1kg),산소계표백제 유한젠(1kg)_img,-,g,-,산소계표백제 유한젠(1kg)_url
230,75,크리넥스 데코엔소프트 3겹(24롤),크리넥스 데코엔소프트 3겹(24롤)_img,-,롤,-,크리넥스 데코엔소프트 3겹(24롤)_url
231,76,"갈치(냉동, 100g)","갈치(냉동, 100g)_img",-,g,-,"갈치(냉동, 100g)_url"
232,77,"고등어(생물, 300~500g)","고등어(생물, 300~500g)_img",-,마리,-,"고등어(생물, 300~500g)_url"
233,78,들기름 재래 도시락김(12팩),들기름 재래 도시락김(12팩)_img,-,봉,-,들기름 재래 도시락김(12팩)_url
234,78,양반 들기름이 그윽한 김(16팩),양반 들기름이 그윽한 김(16팩)_img,-,봉,-,양반 들기름이 그윽한 김(16팩)_url
235,79,대림 게맛살 큰잔치(300g),대림 게맛살 큰잔치(300g)_img,-,g,-,대림 게맛살 큰잔치(300g)_url
236,79,대림게맛살큰잔치,대림게맛살큰잔치_img,-,g,-,대림게맛살큰잔치_url
237,79,삼호맛살,삼호맛살_img,-,g,-,삼호맛살_url
238,79,싱싱맛살,싱싱맛살_img,-,g,-,싱싱맛살_url
239,80,삼호 안심 부산어묵(400g),삼호 안심 부산어묵(400g)_img,-,g,-,삼호 안심 부산어묵(400g)_url
240,80,프레시안삼호부산어묵,프레시안삼호부산어묵_img,-,g,-,프레시안삼호부산어묵_url
241,81,"오징어(생물, 200~300g)","오징어(생물, 200~300g)_img",-,마리,-,"오징어(생물, 200~300g)_url"
242,83,동원참치 라이트스탠다드(150g),동원참치 라이트스탠다드(150g)_img,-,g,-,동원참치 라이트스탠다드(150g)_url
243,83,동원참치 라이트스탠다드(4캔),동원참치 라이트스탠다드(4캔)_img,-,g,-,동원참치 라이트스탠다드(4캔)_url
244,83,동원참치 라이트스탠다드(묶음),동원참치 라이트스탠다드(묶음)_img,-,g,-,동원참치 라이트스탠다드(묶음)_url
245,83,마일드참치(150g),마일드참치(150g)_img,-,g,-,마일드참치(150g)_url
246,83,마일드참치(3개),마일드참치(3개)_img,-,g,-,마일드참치(3개)_url
247,83,사조참치 살코기 안심따개,사조참치 살코기 안심따개_img,-,g,-,사조참치 살코기 안심따개_url
248,83,사조참치 살코기 안심따개(4캔),사조참치 살코기 안심따개(4캔)_img,-,g,-,사조참치 살코기 안심따개(4캔)_url
249,84,오뚜기 식물성 마아가린(200g),오뚜기 식물성 마아가린(200g)_img,-,g,-,오뚜기 식물성 마아가린(200g)_url
250,84,옥수수 마가린(200g),옥수수 마가린(200g)_img,-,g,-,옥수수 마가린(200g)_url
251,85,떠먹는 불가리스 딸기(4개),떠먹는 불가리스 딸기(4개)_img,-,g,-,떠먹는 불가리스 딸기(4개)_url
252,85,떠먹는불가리스 딸기 오리지날(4개묶음),떠먹는불가리스 딸기 오리지날(4개묶음)_img,-,g,-,떠먹는불가리스 딸기 오리지날(4개묶음)_url
253,85,매일바이오거트(4개 묶음360g),매일바이오거트(4개 묶음360g)_img,-,g,-,매일바이오거트(4개 묶음360g)_url
254,85,바이오 플레인 요거트(4개),바이오 플레인 요거트(4개)_img,-,g,-,바이오 플레인 요거트(4개)_url
255,85,오리지널 요플레(4개묶음),오리지널 요플레(4개묶음)_img,-,g,-,오리지널 요플레(4개묶음)_url
256,85,요플레 오리지널(4개),요플레 오리지널(4개)_img,-,g,-,요플레 오리지널(4개)_url
257,85,이오(5개),이오(5개)_img,-,g,-,이오(5개)_url
258,85,자연의 시작 불가리스 사과 (4개묶음),자연의 시작 불가리스 사과 (4개묶음)_img,-,g,-,자연의 시작 불가리스 사과 (4개묶음)_url
259,86,무가염버터(450g),무가염버터(450g)_img,-,g,-,무가염버터(450g)_url
260,87,앱솔루트 명작 3단계(800g),앱솔루트 명작 3단계(800g)_img,-,g,-,앱솔루트 명작 3단계(800g)_url
261,87,임페리얼 드림 XO 3단계(800g),임페리얼 드림 XO 3단계(800g)_img,-,g,-,임페리얼 드림 XO 3단계(800g)_url
262,87,프리미엄 산양분유 1단계(800g),프리미엄 산양분유 1단계(800g)_img,-,g,-,프리미엄 산양분유 1단계(800g)_url
263,88,남양유업 맛있는우유GT(1L),남양유업 맛있는우유GT(1L)_img,-,ml,-,남양유업 맛있는우유GT(1L)_url
264,88,매일우유 오리지널(900ml),매일우유 오리지널(900ml)_img,-,ml,-,매일우유 오리지널(900ml)_url
265,88,서울우유 흰우유(1L),서울우유 흰우유(1L)_img,-,ml,-,서울우유 흰우유(1L)_url
266,88,파스퇴르우유 후레쉬(930ml),파스퇴르우유 후레쉬(930ml)_img,-,ml,-,파스퇴르우유 후레쉬(930ml)_url
267,89,드빈치 고칼슘치즈(15매),드빈치 고칼슘치즈(15매)_img,-,g,-,드빈치 고칼슘치즈(15매)_url
268,89,매일유업 뼈로가는 칼슘치즈(180g),매일유업 뼈로가는 칼슘치즈(180g)_img,-,g,-,매일유업 뼈로가는 칼슘치즈(180g)_url
269,89,매일유업 뼈로가는 칼슘치즈(270g),매일유업 뼈로가는 칼슘치즈(270g)_img,-,g,-,매일유업 뼈로가는 칼슘치즈(270g)_url
270,89,서울우유 체다슬라이스치즈(200g),서울우유 체다슬라이스치즈(200g)_img,-,g,-,서울우유 체다슬라이스치즈(200g)_url
271,89,서울우유 체다슬라이스치즈(400g),서울우유 체다슬라이스치즈(400g)_img,-,g,-,서울우유 체다슬라이스치즈(400g)_url
272,89,체다치즈(15매),체다치즈(15매)_img,-,g,-,체다치즈(15매)_url
273,90,달콤한 베지밀 비,달콤한 베지밀 비_img,-,ml,-,달콤한 베지밀 비_url
274,90,달콤한 베지밀 비(16팩),달콤한 베지밀 비(16팩)_img,-,ml,-,달콤한 베지밀 비(16팩)_url
275,90,달콤한 삼육두유 B,달콤한 삼육두유 B_img,-,ml,-,달콤한 삼육두유 B_url
276,90,매일두유 담백한 맛(16팩),매일두유 담백한 맛(16팩)_img,-,ml,-,매일두유 담백한 맛(16팩)_url
277,91,국순당 대박 막걸리,국순당 대박 막걸리_img,-,ml,-,국순당 대박 막걸리_url
278,91,서울장수생막걸리(750ml),서울장수생막걸리(750ml)_img,-,ml,-,서울장수생막걸리(750ml)_url
279,92,카스 프레쉬(500ml),카스 프레쉬(500ml)_img,-,ml,-,카스 프레쉬(500ml)_url
280,92,카스 프레쉬(6캔),카스 프레쉬(6캔)_img,-,ml,-,카스 프레쉬(6캔)_url
281,92,테라(500ml),테라(500ml)_img,-,ml,-,테라(500ml)_url
282,92,하이트 엑스트라 콜드(6캔),하이트 엑스트라 콜드(6캔)_img,-,ml,-,하이트 엑스트라 콜드(6캔)_url
283,93,비타500(10개입),비타500(10개입)_img,-,ml,-,비타500(10개입)_url
284,93,오로나민C(10개입),오로나민C(10개입)_img,-,ml,-,오로나민C(10개입)_url
285,94,스프라이트(1.5L),스프라이트(1.5L)_img,-,ml,-,스프라이트(1.5L)_url
286,94,칠성사이다 제로(1.5L),칠성사이다 제로(1.5L)_img,-,ml,-,칠성사이다 제로(1.5L)_url
287,94,칠성사이다(1.8L),칠성사이다(1.8L)_img,-,ml,-,칠성사이다(1.8L)_url
288,95,삼다수(2L),삼다수(2L)_img,-,ml,-,삼다수(2L)_url
289,95,삼다수(500ml),삼다수(500ml)_img,-,ml,-,삼다수(500ml)_url
290,95,아이시스(2L),아이시스(2L)_img,-,ml,-,아이시스(2L)_url
291,95,아이시스(500ml),아이시스(500ml)_img,-,ml,-,아이시스(500ml)_url
292,96,참이슬 클래식(360ml),참이슬 클래식(360ml)_img,-,ml,-,참이슬 클래식(360ml)_url
293,96,참이슬 후레쉬(360ml),참이슬 후레쉬(360ml)_img,-,ml,-,참이슬 후레쉬(360ml)_url
294,96,처음처럼(360ml),처음처럼(360ml)_img,-,ml,-,처음처럼(360ml)_url
295,97,레드불 에너지 드링크(250ml),레드불 에너지 드링크(250ml)_img,-,ml,-,레드불 에너지 드링크(250ml)_url
296,97,롯데 핫식스(250ml),롯데 핫식스(250ml)_img,-,ml,-,롯데 핫식스(250ml)_url
297,97,몬스터 에너지(355ml),몬스터 에너지(355ml)_img,-,ml,-,몬스터 에너지(355ml)_url
298,97,비타파워(20개입),비타파워(20개입)_img,-,ml,-,비타파워(20개입)_url
299,98,게토레이 레몬(600ml),게토레이 레몬(600ml)_img,-,ml,-,게토레이 레몬(600ml)_url
300,98,파워에이드 마운틴블라스트(520ml),파워에이드 마운틴블라스트(520ml)_img,-,ml,-,파워에이드 마운틴블라스트(520ml)_url
301,99,델몬트 스카시플러스 100,델몬트 스카시플러스 100_img,-,ml,-,델몬트 스카시플러스 100_url
302,99,델몬트 오렌지 100(1.5L),델몬트 오렌지 100(1.5L)_img,-,ml,-,델몬트 오렌지 100(1.5L)_url
303,99,미넷메이드 오렌지(1.5L),미넷메이드 오렌지(1.5L)_img,-,ml,-,미넷메이드 오렌지(1.5L)_url
304,100,남양 17차 티백(80개입),남양 17차 티백(80개입)_img,-,개,-,남양 17차 티백(80개입)_url
305,100,동서현미녹차(100개입),동서현미녹차(100개입)_img,-,개,-,동서현미녹차(100개입)_url
306,101,레쓰비 마일드(175ml),레쓰비 마일드(175ml)_img,-,ml,-,레쓰비 마일드(175ml)_url
307,101,맥심 티오피 마스터 라떼(275ml),맥심 티오피 마스터 라떼(275ml)_img,-,ml,-,맥심 티오피 마스터 라떼(275ml)_url
308,101,바리스타룰스 콜드브루 블랙(325ml),바리스타룰스 콜드브루 블랙(325ml)_img,-,ml,-,바리스타룰스 콜드브루 블랙(325ml)_url
309,101,칸타타 프리미엄 블렌드(275ml),칸타타 프리미엄 블렌드(275ml)_img,-,ml,-,칸타타 프리미엄 블렌드(275ml)_url
310,102,맥스웰 하우스 오리지날(180개입),맥스웰 하우스 오리지날(180개입)_img,-,개,-,맥스웰 하우스 오리지날(180개입)_url
311,102,맥심모카골드,맥심모카골드_img,-,개,-,맥심모카골드_url
312,102,카누 마일드 로스트 아메리카노(30개입),카누 마일드 로스트 아메리카노(30개입)_img,-,개,-,카누 마일드 로스트 아메리카노(30개입)_url
313,103,코카콜라(1.8L),코카콜라(1.8L)_img,-,ml,-,코카콜라(1.8L)_url
314,103,펩시콜라(1.8L),펩시콜라(1.8L)_img,-,ml,-,펩시콜라(1.8L)_url
315,104,진로 와인(500ml),진로 와인(500ml)_img,-,ml,-,진로 와인(500ml)_url
316,106,하림 토종닭백숙(1.05kg),하림 토종닭백숙(1.05kg)_img,-,g,-,하림 토종닭백숙(1.05kg)_url
317,107,돼지고기 목살(100g),돼지고기 목살(100g)_img,-,g,-,돼지고기 목살(100g)_url
318,107,돼지고기 삼겹살(100g),돼지고기 삼겹살(100g)_img,-,g,-,돼지고기 삼겹살(100g)_url
319,108,그릴후랑크(600g),그릴후랑크(600g)_img,-,g,-,그릴후랑크(600g)_url
320,108,롯데비앤나(400g),롯데비앤나(400g)_img,-,g,-,롯데비앤나(400g)_url
321,108,목우촌 주부9단 프랑크 소시지(500g),목우촌 주부9단 프랑크 소시지(500g)_img,-,g,-,목우촌 주부9단 프랑크 소시지(500g)_url
322,108,백설 그릴 비엔나(720g),백설 그릴 비엔나(720g)_img,-,g,-,백설 그릴 비엔나(720g)_url
323,108,의성 마늘 프랑크(350g),의성 마늘 프랑크(350g)_img,-,g,-,의성 마늘 프랑크(350g)_url
324,108,의성마늘 빅그릴 비엔나(600g),의성마늘 빅그릴 비엔나(600g)_img,-,g,-,의성마늘 빅그릴 비엔나(600g)_url
325,108,주부9단 프랑크소시지(900g),주부9단 프랑크소시지(900g)_img,-,g,-,주부9단 프랑크소시지(900g)_url
326,109,롯데슬라이스햄,롯데슬라이스햄_img,-,g,-,롯데슬라이스햄_url
327,109,스팸,스팸_img,-,g,-,스팸_url
328,109,스팸 클래식(200g),스팸 클래식(200g)_img,-,g,-,스팸 클래식(200g)_url
329,109,의성마늘 한입슬라이스햄(60g),의성마늘 한입슬라이스햄(60g)_img,-,g,-,의성마늘 한입슬라이스햄(60g)_url
330,109,주부9단 슬라이스햄(300g),주부9단 슬라이스햄(300g)_img,-,g,-,주부9단 슬라이스햄(300g)_url
331,1,해태아이스쿨,해태아이스쿨_img,-,g,-,해태아이스쿨_url
332,2,"롯데푸드 찰떡국화빵(150ml,단품)","롯데푸드 찰떡국화빵(150ml,단품)_img",-,ml,-,"롯데푸드 찰떡국화빵(150ml,단품)_url"
333,2,빙그레 참붕어 싸만코(150ml),빙그레 참붕어 싸만코(150ml)_img,-,ml,-,빙그레 참붕어 싸만코(150ml)_url
334,3,아이비,아이비_img,-,g,-,아이비_url
335,4,해태 바밤바(63ml),해태 바밤바(63ml)_img,-,ml,-,해태 바밤바(63ml)_url
336,5,롯데 목캔디 허브(148g),롯데 목캔디 허브(148g)_img,-,g,-,롯데 목캔디 허브(148g)_url
337,6,해태 부라보콘 화이트바닐라(140ml),해태 부라보콘 화이트바닐라(140ml)_img,-,ml,-,해태 부라보콘 화이트바닐라(140ml)_url
338,9,해태 오예스(28g*12개입),해태 오예스(28g*12개입)_img,-,g,-,해태 오예스(28g*12개입)_url
339,10,롯데 가나 마일드(34g*3개입),롯데 가나 마일드(34g*3개입)_img,-,g,-,롯데 가나 마일드(34g*3개입)_url
340,10,"롯데 가나 마일드(34g,단품)","롯데 가나 마일드(34g,단품)_img",-,g,-,"롯데 가나 마일드(34g,단품)_url"
341,12,해표 순창궁 태양초 100% 우리햅쌀 고추장(1.8kg),해표 순창궁 태양초 100% 우리햅쌀 고추장(1.8kg)_img,-,g,-,해표 순창궁 태양초 100% 우리햅쌀 고추장(1.8kg)_url
342,14,동서벌꿀(600g),동서벌꿀(600g)_img,-,g,-,동서벌꿀(600g)_url
343,17,고소한국산콩두부(부침용)(대상),고소한국산콩두부(부침용)(대상)_img,-,g,-,고소한국산콩두부(부침용)(대상)_url
344,17,행복한콩 부침두부(300g),행복한콩 부침두부(300g)_img,-,g,-,행복한콩 부침두부(300g)_url
345,20,큐원 영양강화밀가루(1kg),큐원 영양강화밀가루(1kg)_img,-,g,-,큐원 영양강화밀가루(1kg)_url
346,25,백설 국내산 사과식초(500ml),백설 국내산 사과식초(500ml)_img,-,ml,-,백설 국내산 사과식초(500ml)_url
347,30,청정원 진한 토마토 케찹,청정원 진한 토마토 케찹_img,-,g,-,청정원 진한 토마토 케찹_url
348,32,동원 개성 왕만두,동원 개성 왕만두_img,-,g,-,동원 개성 왕만두_url
349,34,롯데 미니소보로(375g),롯데 미니소보로(375g)_img,-,g,-,롯데 미니소보로(375g)_url
350,34,롯데 아이러브 토스트(750g),롯데 아이러브 토스트(750g)_img,-,g,-,롯데 아이러브 토스트(750g)_url
351,40,오뚜기밥(3개입),오뚜기밥(3개입)_img,-,g,-,오뚜기밥(3개입)_url
352,45,듀라셀 울트라 파워체크 AA*2입(피엔지),듀라셀 울트라 파워체크 AA*2입(피엔지)_img,-,개,-,듀라셀 울트라 파워체크 AA*2입(피엔지)_url
353,45,듀라셀 울트라 파워체크 AAA*2입,듀라셀 울트라 파워체크 AAA*2입_img,-,개,-,듀라셀 울트라 파워체크 AAA*2입_url
354,45,벡셀AA*2입,벡셀AA*2입_img,-,개,-,벡셀AA*2입_url
355,47,가그린 레귤러,가그린 레귤러_img,-,ml,-,가그린 레귤러_url
356,49,Dr. ato(민감성건성피부보습),Dr. ato(민감성건성피부보습)_img,-,ml,-,Dr. ato(민감성건성피부보습)_url
357,49,그린핑거 촉촉한자연보습 베이비로션,그린핑거 촉촉한자연보습 베이비로션_img,-,ml,-,그린핑거 촉촉한자연보습 베이비로션_url
358,49,아비노베이비데일리모이스춰로션,아비노베이비데일리모이스춰로션_img,-,ml,-,아비노베이비데일리모이스춰로션_url
359,50,크리넥스 KF94 4단 마스크,크리넥스 KF94 4단 마스크_img,-,개,-,크리넥스 KF94 4단 마스크_url
360,53,도브 뷰티 너리싱 바디워시,도브 뷰티 너리싱 바디워시_img,-,ml,-,도브 뷰티 너리싱 바디워시_url
361,53,도브 센스티브스킨 바디워시 ,도브 센스티브스킨 바디워시 _img,-,ml,-,도브 센스티브스킨 바디워시 _url
362,53,해피바스 로즈에센스 로맨틱 바디워시,해피바스 로즈에센스 로맨틱 바디워시_img,-,ml,-,해피바스 로즈에센스 로맨틱 바디워시_url
363,56,홈스타 향락스(1L),홈스타 향락스(1L)_img,-,ml,-,홈스타 향락스(1L)_url
364,59,미장센 펄샤이닝모이스쳐 샴푸,미장센 펄샤이닝모이스쳐 샴푸_img,-,ml,-,미장센 펄샤이닝모이스쳐 샴푸_url
365,59,엘라스틴 맥시마이징 볼륨 샴푸,엘라스틴 맥시마이징 볼륨 샴푸_img,-,ml,-,엘라스틴 맥시마이징 볼륨 샴푸_url
366,59,케라시스 러블리 로맨틱 퍼퓸 샴푸,케라시스 러블리 로맨틱 퍼퓸 샴푸_img,-,ml,-,케라시스 러블리 로맨틱 퍼퓸 샴푸_url
367,60,샤프란 코튼 앤 크림,샤프란 코튼 앤 크림_img,-,ml,-,샤프란 코튼 앤 크림_url
368,61,샤프란 케어(은은한향),샤프란 케어(은은한향)_img,-,ml,-,샤프란 케어(은은한향)_url
369,61,페브리즈 깨끗한 무향(900),페브리즈 깨끗한 무향(900)_img,-,ml,-,페브리즈 깨끗한 무향(900)_url
370,62,무균무때(욕실용),무균무때(욕실용)_img,-,ml,-,무균무때(욕실용)_url
371,62,홈스타 곰팡이 싹,홈스타 곰팡이 싹_img,-,ml,-,홈스타 곰팡이 싹_url
372,63,"테크 (가루,리필형,4kg)","테크 (가루,리필형,4kg)_img",-,g,-,"테크 (가루,리필형,4kg)_url"
373,64,"때가 쏙 비트(액체,드럼용,3L)","때가 쏙 비트(액체,드럼용,3L)_img",-,ml,-,"때가 쏙 비트(액체,드럼용,3L)_url"
374,64,"테크 UP(액체,일반용,3L)","테크 UP(액체,일반용,3L)_img",-,ml,-,"테크 UP(액체,일반용,3L)_url"
375,65,홈스타 제습과 방충을 한번에,홈스타 제습과 방충을 한번에_img,-,개,-,홈스타 제습과 방충을 한번에_url
376,67,지퍼락 지퍼백(중),지퍼락 지퍼백(중)_img,-,매,-,지퍼락 지퍼백(중)_url
377,68,하기스 매직컴포트 중형 공용 밴드형 3단계(66매),하기스 매직컴포트 중형 공용 밴드형 3단계(66매)_img,-,매,-,하기스 매직컴포트 중형 공용 밴드형 3단계(66매)_url
378,68,하기스 매직핏팬티 4단계 여아용 40매,하기스 매직핏팬티 4단계 여아용 40매_img,-,매,-,하기스 매직핏팬티 4단계 여아용 40매_url
379,68,하기스 프리미어 플러스 남아용 대형(60매 4단계),하기스 프리미어 플러스 남아용 대형(60매 4단계)_img,-,매,-,하기스 프리미어 플러스 남아용 대형(60매 4단계)_url
380,70,어드밴스 캐비티 블루(120g),어드밴스 캐비티 블루(120g)_img,-,g,-,어드밴스 캐비티 블루(120g)_url
381,70,페리오 클링스 아이스민트 120GX3,페리오 클링스 아이스민트 120GX3_img,-,g,-,페리오 클링스 아이스민트 120GX3_url
382,73,깨끗한나라 키친타올,깨끗한나라 키친타올_img,-,매,-,깨끗한나라 키친타올_url
383,74,B&B 안심표백제(500g),B&B 안심표백제(500g)_img,-,g,-,B&B 안심표백제(500g)_url
384,76,"갈치(생물, 100g)","갈치(생물, 100g)_img",-,g,-,"갈치(생물, 100g)_url"
385,79,동원 싱싱맛살 실속(500g),동원 싱싱맛살 실속(500g)_img,-,g,-,동원 싱싱맛살 실속(500g)_url
386,80,대림선어묵 부산어묵,대림선어묵 부산어묵_img,-,g,-,대림선어묵 부산어묵_url
387,81,"오징어(냉동, 200~300g)","오징어(냉동, 200~300g)_img",-,마리,-,"오징어(냉동, 200~300g)_url"
388,82,부세(200~400g),부세(200~400g)_img,-,마리,-,부세(200~400g)_url
389,82,참조기(200~400g),참조기(200~400g)_img,-,마리,-,참조기(200~400g)_url
390,85,불가리스(4개),불가리스(4개)_img,-,g,-,불가리스(4개)_url
391,85,이오 20s (3개묶음),이오 20s (3개묶음)_img,-,g,-,이오 20s (3개묶음)_url
392,86,남양 드빈치 버터(450g),남양 드빈치 버터(450g)_img,-,g,-,남양 드빈치 버터(450g)_url
393,86,모닝버터(해바라기유)(200g),모닝버터(해바라기유)(200g)_img,-,g,-,모닝버터(해바라기유)(200g)_url
394,87,앱솔루트 명작 3단계,앱솔루트 명작 3단계_img,-,g,-,앱솔루트 명작 3단계_url
395,88,매일우유 오리지널(ESL)(1000ml),매일우유 오리지널(ESL)(1000ml)_img,-,ml,-,매일우유 오리지널(ESL)(1000ml)_url
396,89,치즈명장 드빈치 체다슬라이스 치즈(200g),치즈명장 드빈치 체다슬라이스 치즈(200g)_img,-,g,-,치즈명장 드빈치 체다슬라이스 치즈(200g)_url
397,89,치즈명장 드빈치 체다슬라이스 치즈(300g),치즈명장 드빈치 체다슬라이스 치즈(300g)_img,-,g,-,치즈명장 드빈치 체다슬라이스 치즈(300g)_url
398,90,뼈로가는 칼슘두유 담백한맛,뼈로가는 칼슘두유 담백한맛_img,-,ml,-,뼈로가는 칼슘두유 담백한맛_url
399,91,국순당 생막걸리(750ml),국순당 생막걸리(750ml)_img,-,ml,-,국순당 생막걸리(750ml)_url
400,91,국순당 우국생(750ml),국순당 우국생(750ml)_img,-,ml,-,국순당 우국생(750ml)_url
401,92,오비라거 6캔,오비라거 6캔_img,-,ml,-,오비라거 6캔_url
402,92,오비라거(단품),오비라거(단품)_img,-,ml,-,오비라거(단품)_url
403,92,하이트 엑스트라 콜드(500ml),하이트 엑스트라 콜드(500ml)_img,-,ml,-,하이트 엑스트라 콜드(500ml)_url
404,92,하이트 엑스트라콜드(단품),하이트 엑스트라콜드(단품)_img,-,ml,-,하이트 엑스트라콜드(단품)_url
405,93,비타파워,비타파워_img,-,ml,-,비타파워_url
406,93,컨피던스,컨피던스_img,-,ml,-,컨피던스_url
407,98,포카리스웨트(620ml),포카리스웨트(620ml)_img,-,ml,-,포카리스웨트(620ml)_url
408,99,미닛메이드 오리지날 오렌지 100,미닛메이드 오리지날 오렌지 100_img,-,ml,-,미닛메이드 오리지날 오렌지 100_url
409,101,맥스웰 하우스 오리지날(200ml),맥스웰 하우스 오리지날(200ml)_img,-,ml,-,맥스웰 하우스 오리지날(200ml)_url
410,102,네스카페 신선한 모카(180입),네스카페 신선한 모카(180입)_img,-,개,-,네스카페 신선한 모카(180입)_url
411,102,프렌치까페믹스,프렌치까페믹스_img,-,개,-,프렌치까페믹스_url
412,102,프렌치카페 카페믹스(220개입),프렌치카페 카페믹스(220개입)_img,-,개,-,프렌치카페 카페믹스(220개입)_url
413,104,마주앙 레드(750ml),마주앙 레드(750ml)_img,-,ml,-,마주앙 레드(750ml)_url
414,105,CJ 더안심 건강란(대란 15개),CJ 더안심 건강란(대란 15개)_img,-,개,-,CJ 더안심 건강란(대란 15개)_url
415,105,CJ 알짜란(대란 15개),CJ 알짜란(대란 15개)_img,-,개,-,CJ 알짜란(대란 15개)_url
416,105,목초를 먹고 자란 건강한 닭이 낳은 달걀(대란 15개),목초를 먹고 자란 건강한 닭이 낳은 달걀(대란 15개)_img,-,개,-,목초를 먹고 자란 건강한 닭이 낳은 달걀(대란 15개)_url
417,105,풀무원 동물복지 목초란(대란 10개),풀무원 동물복지 목초란(대란 10개)_img,-,개,-,풀무원 동물복지 목초란(대란 10개)_url
418,106,참프레 동물복지 닭백숙(1.1kg),참프레 동물복지 닭백숙(1.1kg)_img,-,g,-,참프레 동물복지 닭백숙(1.1kg)_url
419,106,하림 자연실록백숙(830g),하림 자연실록백숙(830g)_img,-,g,-,하림 자연실록백숙(830g)_url
420,108,CJ 더 건강한햄 그릴후랑크(350g),CJ 더 건강한햄 그릴후랑크(350g)_img,-,g,-,CJ 더 건강한햄 그릴후랑크(350g)_url
421,109,식빵위의 네모,식빵위의 네모_img,-,g,-,식빵위의 네모_url
422,109,참작 참잘만든 슬라이스햄,참작 참잘만든 슬라이스햄_img,-,g,-,참작 참잘만든 슬라이스햄_url
20000,1038,사과(후지),사과(후지)_img,,,,사과(후지)_url
20001,1054,감귤,감귤_img,,,,감귤_url
20002,1050,건블루베리(수입),건블루베리(수입)_img,,,,건블루베리(수입)_url
20003,1049,건포도(수입),건포도(수입)_img,,,,건포도(수입)_url
20004,1042,단감,단감_img,,,,단감_url
20005,1047,레몬(수입),레몬(수입)_img,,,,레몬(수입)_url
20006,1051,망고(수입),망고(수입)_img,,,,망고(수입)_url
20007,1043,바나나(수입),바나나(수입)_img,,,,바나나(수입)_url
20008,1039,배(신고),배(신고)_img,,,,배(신고)_url
20009,1040,백도,백도_img,,,,백도_url
20010,1046,오렌지(네이블 미국),오렌지(네이블 미국)_img,,,,오렌지(네이블 미국)_url
20011,1044,참다래(국산),참다래(국산)_img,,,,참다래(국산)_url
20012,1044,참다래(그린 뉴질랜드),참다래(그린 뉴질랜드)_img,,,,참다래(그린 뉴질랜드)_url
20013,1048,체리(수입),체리(수입)_img,,,,체리(수입)_url
20014,1045,파인애플(수입),파인애플(수입)_img,,,,파인애플(수입)_url
20015,1041,포도(캠벨얼리),포도(캠벨얼리)_img,,,,포도(캠벨얼리)_url
20016,1005,고구마(밤),고구마(밤)_img,,,,고구마(밤)_url
20017,1004,녹두(국산),녹두(국산)_img,,,,녹두(국산)_url
20018,1000,쌀(일반계),쌀(일반계)_img,,,,쌀(일반계)_url
20019,1001,찹쌀(일반계),찹쌀(일반계)_img,,,,찹쌀(일반계)_url
20020,1002,흰 콩(국산),흰 콩(국산)_img,,,,흰 콩(국산)_url
20021,1003,붉은 팥(국산),붉은 팥(국산)_img,,,,붉은 팥(국산)_url
20022,1006,감자(수미),감자(수미)_img,,,,감자(수미)_url
20023,1024,고춧가루(국산),고춧가루(국산)_img,,,,고춧가루(국산)_url
20024,1029,깐마늘(국산),깐마늘(국산)_img,,,,깐마늘(국산)_url
20025,1025,깻잎,깻잎_img,,,,깻잎_url
20026,1017,당근(무세척),당근(무세척)_img,,,,당근(무세척)_url
20027,1016,딸기,딸기_img,,,,딸기_url
20028,1028,멜론,멜론_img,,,,멜론_url
20029,1053,무,무_img,,,,무_url
20030,1030,방울토마토,방울토마토_img,,,,방울토마토_url
20031,1052,배추,배추_img,,,,배추_url
20032,1020,붉은고추,붉은고추_img,,,,붉은고추_url
20033,1009,상추(적),상추(적)_img,,,,상추(적)_url
20034,1023,생강(국산),생강(국산)_img,,,,생강(국산)_url
20035,1011,수박,수박_img,,,,수박_url
20036,1008,시금치,시금치_img,,,,시금치_url
20037,1007,양배추,양배추_img,,,,양배추_url
20038,1021,양파,양파_img,,,,양파_url
20039,1010,얼갈이배추,얼갈이배추_img,,,,얼갈이배추_url
20040,1018,열무,열무_img,,,,열무_url
20041,1013,가시오이,가시오이_img,,,,가시오이_url
20042,1012,참외,참외_img,,,,참외_url
20043,1015,토마토,토마토_img,,,,토마토_url
20044,1022,대파,대파_img,,,,대파_url
20045,1027,파프리카,파프리카_img,,,,파프리카_url
20046,1019,풋고추,풋고추_img,,,,풋고추_url
20047,1026,피망(청),피망(청)_img,,,,피망(청)_url
20048,1014,애호박,애호박_img,,,,애호박_url
20049,1033,애느타리버섯,애느타리버섯_img,,,,애느타리버섯_url
20050,1032,땅콩(국산),땅콩(국산)_img,,,,땅콩(국산)_url
20051,1032,땅콩(수입),땅콩(수입)_img,,,,땅콩(수입)_url
20052,1035,새송이버섯,새송이버섯_img,,,,새송이버섯_url
20053,1037,아몬드(수입),아몬드(수입)_img,,,,아몬드(수입)_url
20054,1031,백색참깨(국산),백색참깨(국산)_img,,,,백색참깨(국산)_url
20055,1034,팽이버섯,팽이버섯_img,,,,팽이버섯_url
20056,1036,호두(수입),호두(수입)_img,,,,호두(수입)_url
